,OverallQual,GrLivArea,GarageArea,TotalBsmtSF,MasVnrType,BsmtQual,GarageFinish,SaleCondition
0,7,1710,548,856,BrkFace,Gd,RFn,Normal
1,6,1262,460,1262,None,Gd,RFn,Normal
2,7,1786,608,920,BrkFace,Gd,RFn,Normal
3,7,1717,642,756,None,TA,Unf,Abnorml
4,8,2198,836,1145,BrkFace,Gd,RFn,Normal
5,5,1362,480,796,None,Gd,Unf,Normal
6,8,1694,636,1686,Stone,Ex,RFn,Normal
7,7,2090,484,1107,Stone,Gd,RFn,Normal
8,7,1774,468,952,None,TA,Unf,Abnorml
9,5,1077,205,991,None,TA,RFn,Normal
10,5,1040,384,1040,None,TA,Unf,Normal
11,9,2324,736,1175,Stone,Ex,Fin,Partial
12,5,912,352,912,None,TA,Unf,Normal
13,7,1494,840,1494,Stone,Gd,RFn,Partial
14,6,1253,352,1253,BrkFace,TA,RFn,Normal
15,7,854,576,832,None,TA,Unf,Normal
16,6,1004,480,1004,BrkFace,TA,Fin,Normal
17,4,1296,516,0,None,TA,Unf,Normal
18,5,1114,576,1114,None,TA,Unf,Normal
19,5,1339,294,1029,None,TA,Unf,Abnorml
20,8,2376,853,1158,BrkFace,Ex,RFn,Partial
21,7,1108,280,637,None,TA,Unf,Normal
22,8,1795,534,1777,BrkFace,Gd,RFn,Normal
23,5,1060,572,1040,None,Gd,Unf,Normal
24,5,1060,270,1060,None,TA,Unf,Normal
25,8,1600,890,1566,Stone,Gd,RFn,Normal
26,5,900,576,900,None,TA,Unf,Normal
27,8,1704,772,1704,Stone,Ex,RFn,Normal
28,5,1600,319,1484,None,TA,RFn,Normal
29,4,520,240,520,None,TA,Unf,Normal
30,4,1317,250,649,None,TA,Unf,Normal
31,5,1228,271,1228,None,TA,Unf,Normal
32,8,1234,484,1234,None,Ex,RFn,Normal
33,5,1700,447,1398,None,TA,RFn,Normal
34,9,1561,556,1561,BrkFace,Ex,Fin,Normal
35,8,2452,691,1117,Stone,Ex,Fin,Normal
36,5,1097,672,1097,None,Gd,Unf,Normal
37,5,1297,498,1297,BrkFace,TA,Fin,Normal
38,5,1057,246,1057,None,TA,Unf,Abnorml
39,4,1152,0,0,None,TA,Unf,AdjLand
40,6,1324,440,1088,BrkFace,TA,RFn,Abnorml
41,5,1328,308,1350,None,TA,RFn,Normal
42,5,884,504,840,None,Gd,RFn,Normal
43,5,938,308,938,None,Gd,Unf,Normal
44,5,1150,300,1150,None,TA,RFn,Normal
45,9,1752,576,1752,BrkFace,Ex,RFn,Normal
46,7,2149,670,1434,None,Ex,RFn,Abnorml
47,8,1656,826,1656,None,Gd,RFn,Normal
48,4,1452,0,736,None,TA,Unf,Partial
49,5,955,386,955,None,TA,Unf,Normal
50,6,1470,388,794,None,Gd,Fin,Normal
51,6,1176,528,816,None,TA,Unf,Normal
52,5,816,516,816,None,Gd,Unf,Normal
53,9,1842,894,1842,None,Ex,Fin,Normal
54,5,1360,572,384,None,TA,Unf,Normal
55,6,1425,576,1425,BrkFace,TA,RFn,Normal
56,8,1739,480,970,BrkFace,Gd,Fin,Abnorml
57,7,1720,565,860,None,Gd,RFn,Normal
58,10,2945,641,1410,BrkFace,Ex,Fin,Partial
59,5,780,352,780,None,TA,Unf,Normal
60,6,1158,576,1158,None,Gd,Unf,Partial
61,5,1111,288,530,None,TA,Unf,Normal
62,8,1370,484,1370,Stone,Gd,RFn,Normal
63,7,1710,480,576,None,TA,Unf,Normal
64,7,2034,645,1057,BrkFace,Gd,RFn,Normal
65,8,2473,852,1143,BrkFace,Ex,RFn,Normal
66,7,2207,576,1947,BrkFace,Gd,RFn,Normal
67,7,1479,558,1453,BrkFace,Gd,RFn,Normal
68,4,747,220,747,None,TA,Unf,Normal
69,7,2287,667,1304,None,TA,Fin,Normal
70,7,2223,516,2223,BrkFace,Gd,Fin,Normal
71,4,845,360,845,None,TA,Unf,Normal
72,7,1718,427,832,BrkFace,Gd,Fin,Normal
73,5,1086,490,1086,BrkFace,TA,Unf,Normal
74,3,1605,379,840,None,Fa,Unf,Normal
75,4,988,297,462,None,Gd,Unf,Normal
76,4,952,283,952,None,TA,Unf,Normal
77,5,1285,240,672,None,TA,Unf,Normal
78,4,1768,0,1768,None,TA,Unf,Normal
79,5,1230,440,440,None,TA,Unf,Normal
80,6,2142,509,896,BrkFace,Gd,Fin,Normal
81,6,1337,405,1237,BrkFace,Ex,Fin,Normal
82,8,1563,758,1563,Stone,Gd,RFn,Normal
83,5,1065,461,1065,BrkCmn,TA,Unf,Normal
84,7,1474,400,384,BrkFace,Gd,Fin,Normal
85,8,2417,462,1288,BrkFace,Gd,Unf,Normal
86,6,1560,400,684,None,Gd,Fin,Normal
87,6,1224,528,612,Stone,Gd,RFn,Partial
88,3,1526,0,1013,None,TA,Unf,Abnorml
89,4,990,0,990,None,Gd,Unf,Normal
90,4,1040,420,0,None,TA,Unf,Normal
91,5,1235,480,1235,BrkCmn,TA,Unf,Abnorml
92,5,964,432,876,None,Gd,Unf,Normal
93,6,2291,506,1214,None,TA,Unf,Normal
94,6,1786,684,824,None,Gd,RFn,Normal
95,6,1470,420,680,BrkFace,Gd,Fin,Normal
96,7,1588,472,1588,BrkFace,Gd,RFn,Normal
97,4,960,432,960,BrkFace,TA,Fin,Normal
98,5,835,366,458,None,TA,Unf,Abnorml
99,4,1225,0,950,None,TA,Unf,Normal
100,6,1610,480,1610,BrkFace,TA,RFn,Normal
101,6,1732,476,741,BrkFace,Gd,Fin,Normal
102,5,1535,410,0,None,TA,Unf,Alloca
103,7,1226,740,1226,None,Gd,RFn,Normal
104,7,1818,240,1040,BrkFace,TA,Unf,Normal
105,8,1992,648,1053,BrkFace,Ex,RFn,Normal
106,4,1047,273,641,None,Fa,Unf,Normal
107,5,789,250,789,None,TA,Unf,Partial
108,5,1517,0,793,None,TA,Unf,Normal
109,6,1844,546,1844,BrkFace,Gd,RFn,Normal
110,6,1855,325,994,None,TA,Unf,Normal
111,7,1430,400,384,None,Gd,Fin,Normal
112,7,2696,792,1264,Stone,Ex,Fin,Partial
113,6,2259,450,1809,BrkFace,Gd,Unf,Abnorml
114,6,2320,180,1028,None,TA,Unf,Normal
115,6,1458,440,729,BrkFace,Gd,Unf,Normal
116,5,1092,288,1092,BrkFace,TA,Unf,Normal
117,5,1125,430,1125,None,Gd,Unf,Partial
118,7,3222,594,1673,None,Gd,Unf,Normal
119,6,1456,390,728,None,Gd,Fin,Partial
120,6,988,540,938,None,TA,Unf,Normal
121,4,1123,264,732,None,TA,Unf,Normal
122,6,1080,288,1080,BrkFace,TA,Unf,Normal
123,6,1199,530,1199,None,Gd,RFn,Normal
124,6,1586,435,1362,None,Gd,Unf,Normal
125,6,754,0,520,None,TA,Unf,Normal
126,6,958,440,1078,None,Gd,RFn,Normal
127,5,840,0,672,None,TA,Unf,Normal
128,6,1348,453,660,BrkFace,TA,RFn,Normal
129,5,1053,750,1008,BrkFace,TA,RFn,Abnorml
130,7,2157,487,924,BrkFace,TA,Fin,Normal
131,6,2054,390,992,BrkFace,Gd,RFn,Normal
132,5,1327,624,1063,None,TA,Unf,Normal
133,8,1296,471,1267,BrkFace,Ex,Fin,Normal
134,5,1721,440,1461,None,TA,RFn,Normal
135,7,1682,530,1304,BrkFace,TA,Unf,Normal
136,5,1214,318,1214,BrkFace,TA,RFn,Normal
137,7,1959,766,1907,BrkFace,TA,Unf,Family
138,8,1852,660,1004,BrkFace,Gd,Fin,Normal
139,6,1764,470,928,None,Gd,RFn,Normal
140,4,864,0,864,None,TA,Unf,Normal
141,7,1734,660,1734,None,Gd,Fin,Normal
142,5,1385,720,910,None,TA,Unf,Normal
143,7,1501,577,1490,BrkFace,Gd,RFn,Normal
144,5,1728,504,1728,BrkFace,TA,Unf,Abnorml
145,6,1709,380,970,Stone,Gd,Unf,Normal
146,5,875,180,715,None,TA,Unf,Normal
147,7,2035,434,884,BrkFace,Gd,Fin,Normal
148,7,1080,0,1080,BrkFace,Gd,Unf,Normal
149,5,1344,240,896,None,Gd,Unf,Normal
150,5,969,440,969,None,TA,Unf,Normal
151,8,1710,866,1710,Stone,Ex,RFn,Partial
152,6,1993,495,825,BrkFace,TA,RFn,Normal
153,6,1252,564,1602,None,Gd,RFn,Normal
154,6,1200,312,1200,None,TA,Unf,Family
155,6,1096,0,572,None,TA,Unf,Normal
156,5,1040,625,0,None,TA,Unf,Normal
157,8,1968,680,774,BrkFace,Ex,Fin,Partial
158,7,1947,678,991,None,Gd,RFn,Normal
159,7,2462,576,1392,BrkFace,Gd,RFn,Partial
160,6,1232,516,1232,None,Gd,Unf,Normal
161,9,2668,726,1572,BrkFace,Ex,Fin,Normal
162,7,1541,532,1541,BrkFace,Gd,RFn,Partial
163,4,882,0,882,None,TA,Unf,Normal
164,6,1616,216,1149,None,TA,Unf,Normal
165,5,1355,0,644,None,TA,Unf,Normal
166,5,1867,303,1617,None,TA,Fin,Normal
167,8,2161,789,1582,Stone,Ex,Fin,Partial
168,7,1720,440,840,None,Gd,Fin,Normal
169,8,1707,511,1686,BrkFace,Gd,RFn,Normal
170,5,1382,660,720,None,TA,Unf,Normal
171,6,1656,528,1080,Stone,TA,Fin,Normal
172,7,1767,504,1064,None,Gd,RFn,Normal
173,6,1362,504,1362,BrkCmn,TA,Unf,Normal
174,6,1651,616,1606,Stone,Gd,Fin,Normal
175,6,2158,576,1202,None,TA,Unf,Normal
176,6,2060,521,1151,BrkFace,Gd,Unf,Normal
177,5,1920,451,1052,None,TA,Unf,Normal
178,9,2234,1166,2216,Stone,Ex,Fin,Partial
179,5,968,480,968,None,TA,Unf,Normal
180,6,1525,440,756,BrkFace,Gd,Unf,Normal
181,7,1802,216,793,None,Fa,Unf,Normal
182,5,1340,252,0,BrkFace,TA,RFn,Normal
183,7,2082,484,1362,None,Gd,Unf,Normal
184,5,1252,576,504,None,Fa,Unf,Normal
185,10,3608,840,1107,None,TA,Unf,Normal
186,7,1217,497,1188,None,Gd,Unf,Normal
187,5,1656,180,660,None,Fa,Unf,Normal
188,5,1224,528,1086,Stone,Gd,Unf,Alloca
189,8,1593,682,1593,None,Ex,Fin,Normal
190,8,2727,440,853,None,Gd,Unf,Normal
191,7,1479,484,725,BrkFace,TA,Fin,Normal
192,7,1431,666,1431,None,Gd,Fin,Normal
193,7,1709,380,970,Stone,Gd,Unf,Normal
194,5,864,352,864,None,TA,Unf,Normal
195,6,1456,440,855,None,Gd,Unf,Normal
196,7,1726,786,1726,Stone,Ex,Fin,Partial
197,8,3112,795,1360,None,TA,Unf,Abnorml
198,6,2229,0,755,None,TA,Unf,Abnorml
199,8,1713,856,1713,BrkFace,Ex,Fin,Normal
200,4,1121,440,1121,None,Gd,RFn,Normal
201,6,1279,473,1196,None,TA,Unf,Normal
202,6,1310,398,617,None,Fa,Unf,Normal
203,6,848,420,848,BrkFace,Gd,RFn,Normal
204,5,1284,240,720,None,TA,Unf,Normal
205,7,1442,500,1424,None,Gd,RFn,Normal
206,5,1696,349,1140,None,TA,RFn,Normal
207,4,1100,312,1100,None,TA,RFn,Normal
208,7,2062,454,1157,BrkFace,Gd,Fin,Normal
209,6,1092,504,1092,Stone,Gd,RFn,Normal
210,5,864,0,864,None,TA,Unf,Normal
211,6,1212,460,1212,None,Gd,RFn,Normal
212,7,1852,644,900,None,Gd,RFn,Partial
213,5,990,576,990,None,Gd,Unf,Normal
214,6,1392,299,689,BrkFace,Gd,Fin,Normal
215,5,1236,447,1070,BrkFace,TA,Unf,Normal
216,7,1436,484,1436,BrkFace,Gd,Unf,Normal
217,4,1328,210,686,None,TA,Unf,Family
218,7,1954,431,798,BrkFace,TA,Unf,Normal
219,7,1248,438,1248,BrkFace,Gd,Fin,Partial
220,7,1498,675,1498,None,Gd,RFn,Partial
221,6,2267,390,1010,None,Gd,RFn,Normal
222,6,1552,434,713,None,Gd,RFn,Normal
223,4,864,576,864,None,TA,Unf,Abnorml
224,10,2392,968,2392,BrkFace,Ex,Fin,Normal
225,5,1302,280,630,BrkFace,TA,Unf,Abnorml
226,7,2520,721,1203,BrkFace,Gd,RFn,Abnorml
227,6,987,280,483,BrkFace,TA,Unf,Normal
228,5,912,336,912,None,TA,Unf,Normal
229,7,1555,430,1373,BrkFace,Gd,Fin,Normal
230,6,1194,312,1194,BrkFace,TA,RFn,Normal
231,8,2794,810,1462,BrkFace,Gd,Fin,Normal
232,6,987,288,483,BrkFace,TA,Unf,Normal
233,5,894,308,894,None,TA,Unf,Normal
234,6,1960,440,860,None,Gd,Fin,Normal
235,6,987,264,483,BrkFace,TA,Unf,Normal
236,7,1414,494,1414,BrkFace,Gd,RFn,Normal
237,7,1744,457,996,None,Gd,RFn,Normal
238,8,1694,818,1694,BrkFace,Ex,Fin,Partial
239,6,1487,220,735,None,TA,Unf,Normal
240,8,1566,750,1566,Stone,Gd,RFn,Normal
241,5,866,0,686,None,TA,Unf,Normal
242,5,1440,352,540,None,TA,Unf,Normal
243,6,1217,288,626,None,Gd,RFn,Normal
244,7,2110,463,948,None,Gd,RFn,Normal
245,7,1872,604,1845,BrkFace,Gd,Fin,Normal
246,6,1928,440,1020,None,Fa,Unf,Normal
247,6,1375,451,1367,None,TA,Unf,Normal
248,7,1668,500,840,BrkFace,Gd,RFn,Normal
249,6,2144,389,1444,BrkCmn,Gd,Fin,Normal
250,3,1306,0,728,None,TA,Unf,Normal
251,8,1625,538,1573,Stone,Gd,Fin,Family
252,6,1640,520,798,None,Gd,RFn,Normal
253,6,1302,309,1302,BrkFace,Gd,RFn,Normal
254,5,1314,294,1314,None,TA,RFn,Normal
255,7,2291,429,975,BrkFace,Gd,Fin,Normal
256,6,1728,673,864,None,Gd,RFn,Normal
257,7,1604,660,1604,Stone,Gd,RFn,Abnorml
258,7,1792,564,963,BrkFace,Gd,RFn,Normal
259,5,882,308,0,None,TA,Unf,Normal
260,6,1382,884,1362,BrkFace,TA,Unf,Normal
261,8,2574,868,1482,Stone,Ex,Fin,Partial
262,6,1212,492,506,BrkFace,Gd,Unf,Normal
263,5,1316,484,926,None,TA,Unf,Normal
264,5,764,504,680,None,Fa,Unf,Normal
265,6,1422,576,1422,BrkFace,Gd,Fin,Normal
266,6,1511,413,802,None,Gd,Fin,Normal
267,5,2192,240,720,None,TA,Unf,Normal
268,5,778,924,740,None,TA,Fin,Normal
269,6,1113,504,1143,BrkFace,TA,RFn,Normal
270,8,1939,1053,1095,None,Gd,RFn,Partial
271,7,1363,439,1385,None,Gd,Unf,Normal
272,8,2270,671,1152,BrkFace,Gd,Fin,Normal
273,6,1632,338,1240,BrkCmn,TA,RFn,Normal
274,5,816,264,816,None,TA,Unf,Normal
275,7,1548,672,952,None,TA,Unf,Normal
276,7,1560,573,1560,None,Ex,Fin,Normal
277,4,864,400,864,None,TA,Unf,Normal
278,9,2121,732,2121,BrkFace,Ex,Fin,Partial
279,7,2022,505,1160,BrkFace,Gd,Fin,Normal
280,7,1982,575,807,BrkFace,Gd,Fin,Normal
281,6,1262,572,1262,Stone,Gd,Fin,Partial
282,7,1314,626,1314,Stone,Gd,RFn,Normal
283,8,1468,898,1468,Stone,Gd,Fin,Partial
284,6,1575,529,1575,None,Gd,RFn,Normal
285,7,1250,528,625,None,Gd,RFn,Partial
286,6,1734,440,912,None,TA,RFn,Normal
287,4,858,0,858,None,TA,Unf,Normal
288,5,900,280,882,BrkFace,TA,Unf,Normal
289,6,1396,384,698,None,TA,Unf,Normal
290,8,1919,685,1079,None,Gd,RFn,Partial
291,5,1716,0,780,None,TA,Unf,Normal
292,5,1716,281,768,None,TA,Unf,Normal
293,7,2263,539,795,BrkFace,TA,Fin,Normal
294,6,1644,418,1416,Stone,TA,Fin,Normal
295,6,1003,588,1003,None,TA,Unf,Normal
296,5,1558,282,910,None,TA,Unf,Normal
297,7,1950,576,975,BrkFace,Gd,RFn,Normal
298,6,1743,539,702,BrkFace,TA,Unf,Normal
299,6,1152,300,1092,None,TA,Unf,Family
300,5,1336,375,1165,BrkFace,TA,Unf,Normal
301,8,2452,683,1028,None,Gd,Fin,Normal
302,7,1541,843,1541,BrkFace,Gd,RFn,Normal
303,5,894,552,894,None,TA,Unf,Abnorml
304,7,3493,870,1470,None,TA,Unf,Normal
305,8,2000,888,2000,Stone,Gd,Fin,Normal
306,7,2243,746,700,BrkFace,Gd,RFn,Normal
307,6,1406,0,319,None,TA,Unf,Normal
308,4,861,539,861,None,TA,Unf,Normal
309,9,1944,708,1896,None,Ex,Fin,Normal
310,6,1501,420,697,BrkFace,Gd,Fin,Normal
311,6,972,240,972,None,TA,Unf,Normal
312,5,1118,410,793,None,Gd,Unf,Normal
313,7,2036,513,2136,None,Gd,RFn,Normal
314,7,1641,546,728,None,TA,Unf,Normal
315,7,1432,432,716,None,Gd,Fin,Normal
316,7,2353,484,845,BrkFace,Gd,RFn,Normal
317,8,1959,1025,1088,None,Gd,RFn,Normal
318,7,2646,656,1347,BrkFace,Gd,RFn,Normal
319,7,1472,588,1372,BrkFace,Gd,Unf,Normal
320,9,2596,840,1249,Stone,Ex,RFn,Partial
321,8,2468,872,1136,BrkFace,Ex,Fin,Normal
322,7,2730,576,1502,BrkFace,TA,Fin,Normal
323,3,1163,220,1162,None,TA,Unf,Normal
324,7,2978,564,710,BrkFace,Gd,Fin,Normal
325,5,803,360,720,None,TA,Unf,Normal
326,8,1719,473,1719,None,Gd,Fin,Normal
327,6,1383,292,1383,BrkFace,TA,RFn,Normal
328,6,2134,441,844,None,TA,Unf,Normal
329,5,1192,189,596,None,TA,Unf,Normal
330,5,1728,352,1728,BrkFace,TA,Unf,Normal
331,5,1056,308,1056,None,TA,RFn,Normal
332,8,1629,880,3206,BrkFace,Gd,RFn,Normal
333,7,1358,484,1358,Stone,Gd,RFn,Normal
334,6,1638,472,943,None,Gd,Fin,Normal
335,5,1786,529,1499,None,TA,Fin,Normal
336,9,1922,676,1922,Stone,Ex,Fin,Normal
337,7,1536,532,1536,BrkFace,Gd,RFn,Normal
338,7,1621,440,1208,None,Gd,RFn,Normal
339,6,1215,297,1215,BrkFace,TA,Unf,Normal
340,8,1908,431,967,None,Gd,Fin,Normal
341,4,841,294,721,None,TA,Unf,Normal
342,3,1040,400,0,BrkFace,TA,Unf,Normal
343,9,1684,564,1684,BrkFace,Ex,RFn,Normal
344,5,1112,336,536,None,Gd,Unf,Normal
345,6,1577,312,972,None,TA,Unf,Normal
346,6,958,301,958,None,TA,RFn,Normal
347,6,1478,498,1478,BrkFace,TA,Unf,Normal
348,7,1626,474,764,Stone,Gd,RFn,Normal
349,9,2728,706,1848,BrkFace,Ex,Fin,Partial
350,9,1869,617,1869,BrkFace,Ex,RFn,Partial
351,7,1453,445,1453,None,Gd,RFn,Abnorml
352,5,1111,200,616,None,TA,Unf,Normal
353,6,720,484,624,None,TA,Unf,Normal
354,6,1595,240,940,None,TA,Unf,Normal
355,6,1200,521,1200,None,Gd,RFn,Normal
356,6,1167,400,1158,BrkFace,Gd,RFn,Normal
357,5,1142,528,1142,None,Gd,Fin,Normal
358,5,1352,288,1062,BrkFace,TA,Unf,Abnorml
359,8,1924,592,1086,BrkFace,Gd,RFn,Normal
360,6,912,470,888,None,Gd,RFn,Normal
361,5,1505,240,883,None,TA,Unf,Normal
362,7,1922,672,0,BrkFace,TA,RFn,Normal
363,6,987,264,483,BrkFace,TA,Unf,Normal
364,6,1574,566,796,BrkFace,Gd,Fin,Normal
365,5,1344,468,672,None,TA,Unf,Normal
366,6,1394,514,1394,BrkFace,Gd,RFn,Normal
367,6,1431,296,1099,BrkFace,Gd,RFn,Normal
368,5,1268,244,1268,BrkFace,TA,Fin,Normal
369,5,1287,576,1063,None,TA,Fin,Normal
370,6,1664,460,953,None,Gd,RFn,Normal
371,4,1588,680,0,None,TA,Fin,Normal
372,6,752,264,744,None,Gd,Unf,Normal
373,5,1319,270,608,None,TA,Unf,Normal
374,7,1928,434,847,None,Gd,Fin,Normal
375,1,904,0,683,None,Fa,Unf,Normal
376,5,914,576,870,None,Gd,Unf,Normal
377,8,2466,610,1580,None,Gd,RFn,Normal
378,9,1856,834,1856,Stone,Ex,Fin,Partial
379,6,1800,463,982,BrkFace,Gd,Fin,Normal
380,5,1691,308,1026,None,TA,Unf,Normal
381,7,1301,572,1293,None,Gd,RFn,Partial
382,7,1797,639,939,None,Gd,RFn,Normal
383,6,784,360,784,None,Fa,Unf,Normal
384,6,1953,501,1580,None,Gd,Fin,Normal
385,8,1269,430,1256,BrkFace,Gd,Fin,Normal
386,5,1184,0,658,None,TA,Unf,AdjLand
387,6,1125,352,1041,BrkFace,TA,Unf,Abnorml
388,7,1479,577,1468,BrkFace,Gd,RFn,Normal
389,10,2332,846,1682,Stone,Ex,Fin,Partial
390,5,1367,384,861,None,TA,Unf,Normal
391,6,1961,560,804,None,Ex,Fin,Normal
392,5,882,294,0,None,TA,RFn,Normal
393,4,788,0,788,None,TA,Unf,Abnorml
394,5,1034,240,735,None,TA,Unf,Normal
395,5,1144,596,1144,None,TA,Unf,Normal
396,5,894,600,894,None,TA,RFn,Normal
397,5,1812,264,864,BrkFace,TA,RFn,Normal
398,5,1077,338,961,None,Fa,Unf,Abnorml
399,7,1550,438,1092,Stone,Gd,Fin,Normal
400,8,1288,500,1260,None,Gd,Fin,Normal
401,7,1310,400,1310,None,Gd,Fin,Partial
402,5,672,240,672,None,TA,Unf,Normal
403,8,2263,420,1141,BrkFace,Gd,Fin,Abnorml
404,6,1572,373,806,None,Gd,Fin,Normal
405,4,1620,490,1281,None,TA,Unf,Normal
406,6,1639,240,1064,None,TA,Unf,Normal
407,6,1680,308,840,None,Gd,Unf,Normal
408,7,2172,947,1063,BrkFace,Ex,RFn,Partial
409,8,2078,836,1034,Stone,Ex,Fin,Partial
410,5,1276,350,1276,None,TA,Unf,Abnorml
411,5,1056,572,1056,None,TA,Fin,Normal
412,7,1478,484,1470,Stone,Ex,Fin,Partial
413,5,1028,360,1008,None,TA,Unf,Normal
414,7,2097,678,1080,None,Gd,Unf,Normal
415,7,1340,396,1340,None,Gd,Fin,Partial
416,6,1400,440,672,BrkFace,TA,Fin,Normal
417,6,2624,864,1370,None,Gd,Unf,Normal
418,5,1134,240,756,None,TA,Unf,AdjLand
419,5,1056,304,1056,None,TA,Unf,Normal
420,7,1344,784,1344,BrkFace,Gd,Fin,Alloca
421,6,1602,529,1602,Stone,Gd,Fin,Normal
422,5,988,520,988,None,TA,RFn,Normal
423,8,2630,696,1470,BrkFace,Gd,Fin,Normal
424,6,1196,297,1196,BrkFace,Gd,RFn,Normal
425,7,1389,240,651,None,TA,Unf,Normal
426,7,1644,569,1518,BrkFace,Gd,Fin,Normal
427,4,907,352,907,None,TA,Unf,Normal
428,7,1208,628,1208,BrkFace,Gd,RFn,Partial
429,6,1412,576,1392,None,Gd,Unf,Normal
430,6,987,264,483,BrkFace,TA,Unf,Abnorml
431,6,1198,0,901,None,TA,Unf,Abnorml
432,5,1365,440,765,BrkFace,TA,Unf,Normal
433,6,1604,470,926,None,Gd,Fin,Normal
434,4,630,0,630,None,Gd,Unf,Normal
435,7,1661,550,799,None,Gd,RFn,Normal
436,6,1118,440,648,None,Fa,Unf,Normal
437,6,904,180,884,None,TA,Unf,Normal
438,5,694,352,440,None,TA,Unf,Normal
439,6,1196,528,684,None,TA,Unf,Normal
440,10,2402,672,3094,Stone,Ex,Fin,Normal
441,4,1440,0,1440,BrkFace,TA,Unf,Normal
442,5,1573,360,1078,None,TA,Unf,Normal
443,7,1258,648,1258,BrkFace,Ex,Fin,Partial
444,7,1908,493,915,None,Gd,Unf,Normal
445,6,1689,480,1436,None,TA,Unf,Normal
446,6,1888,578,1517,None,TA,Fin,Normal
447,7,1886,431,930,None,Gd,Fin,Normal
448,6,1376,198,780,None,TA,Unf,Normal
449,3,1183,308,649,None,TA,Unf,Normal
450,6,813,270,813,None,TA,Unf,Normal
451,7,1533,576,1533,None,Gd,Unf,Normal
452,6,1756,422,872,BrkFace,Ex,Fin,Normal
453,8,1590,676,768,None,Gd,RFn,Normal
454,5,1728,560,1728,None,TA,Unf,Family
455,7,1242,528,1242,BrkFace,TA,Unf,Normal
456,5,1344,513,624,None,TA,Unf,Abnorml
457,4,1663,529,1364,None,Gd,Fin,Normal
458,8,1666,228,588,None,TA,Unf,Normal
459,5,1203,352,709,BrkCmn,TA,Unf,Normal
460,8,1935,552,832,Stone,Gd,Fin,Partial
461,7,1135,576,560,None,Gd,RFn,Normal
462,5,864,360,864,None,TA,Unf,Normal
463,6,1660,240,715,None,TA,Unf,Normal
464,5,1040,0,1040,BrkFace,Gd,Unf,Normal
465,7,1414,398,1375,BrkFace,Gd,Fin,Normal
466,7,1277,526,1277,None,TA,Unf,Normal
467,5,1644,312,728,Stone,TA,Unf,Normal
468,8,1634,866,1626,Stone,Gd,RFn,Normal
469,6,1710,506,832,BrkFace,Gd,RFn,Normal
470,8,1502,528,1488,None,Gd,RFn,Normal
471,7,1969,534,808,None,Gd,RFn,Normal
472,6,1072,525,547,BrkFace,Gd,RFn,Normal
473,8,1976,908,1976,BrkFace,Ex,RFn,Partial
474,8,1652,499,1494,None,Gd,RFn,Normal
475,5,970,624,970,None,TA,Unf,Normal
476,6,1493,508,1478,BrkFace,Gd,Fin,Normal
477,9,2643,694,2153,BrkFace,Gd,Fin,Normal
478,8,1718,826,1705,Stone,Ex,RFn,Normal
479,4,1131,672,907,BrkCmn,Fa,Unf,Alloca
480,9,1850,772,1833,BrkFace,Ex,Fin,Normal
481,9,1792,874,1792,BrkFace,Ex,Fin,Normal
482,7,1826,164,910,None,TA,Unf,Normal
483,6,1216,402,1216,BrkFace,Ex,Unf,Normal
484,5,999,264,999,None,TA,Unf,Normal
485,5,1113,264,1113,None,TA,Unf,Normal
486,5,1073,515,1073,BrkFace,TA,RFn,Normal
487,5,1484,487,1484,None,Gd,Unf,Normal
488,5,2414,520,954,None,TA,Unf,Normal
489,4,630,286,630,None,Gd,Unf,Normal
490,5,1304,336,264,None,Gd,Fin,Normal
491,6,1578,240,806,None,TA,Unf,Normal
492,6,1456,429,728,None,Gd,RFn,Partial
493,5,1269,308,1269,None,TA,Unf,Normal
494,5,886,273,190,None,Fa,Unf,Normal
495,4,720,0,720,None,TA,Unf,Abnorml
496,8,3228,546,3200,None,Gd,RFn,Normal
497,7,1820,240,1026,None,TA,Unf,Normal
498,5,899,288,864,BrkFace,TA,Fin,Normal
499,5,912,297,912,None,TA,Fin,Normal
500,6,1218,264,672,BrkFace,TA,Unf,Normal
501,7,1768,603,866,None,Gd,RFn,Normal
502,5,1214,461,1214,None,TA,Unf,Normal
503,7,1801,484,1501,None,TA,Fin,Normal
504,6,1322,440,855,None,TA,Unf,Normal
505,5,1960,400,960,BrkFace,TA,Unf,Normal
506,8,1911,471,777,BrkFace,Gd,RFn,Normal
507,6,1218,676,1218,None,Gd,Fin,Partial
508,7,1378,360,689,None,TA,Unf,Normal
509,5,1041,270,1041,BrkFace,TA,RFn,Normal
510,5,1363,288,1008,BrkCmn,TA,Unf,Normal
511,7,1368,474,1368,Stone,Gd,RFn,Partial
512,5,864,624,864,None,TA,Unf,Normal
513,6,1080,484,1084,None,TA,Unf,Normal
514,5,789,200,768,None,TA,Unf,Normal
515,10,2020,900,2006,BrkFace,Ex,Fin,Partial
516,6,2119,583,689,BrkFace,TA,RFn,Abnorml
517,7,2344,889,1264,BrkFace,Gd,RFn,Normal
518,6,1796,546,794,None,Gd,RFn,Normal
519,7,2080,282,1276,None,Gd,Unf,Normal
520,4,1294,0,0,None,TA,Unf,Normal
521,6,1244,336,1244,None,TA,Unf,Normal
522,6,1664,420,1004,None,TA,Unf,Normal
523,10,4676,884,3138,Stone,Ex,Fin,Partial
524,7,2398,834,1379,BrkFace,Gd,Fin,Normal
525,7,1266,453,1257,None,Gd,Unf,Normal
526,5,928,252,928,None,Gd,Unf,Normal
527,9,2713,858,1452,Stone,Ex,Fin,Partial
528,4,605,0,528,None,TA,Unf,Normal
529,6,2515,484,2035,None,TA,RFn,Alloca
530,6,1509,600,1461,BrkFace,Gd,RFn,Abnorml
531,6,1362,502,611,None,Fa,Fin,Normal
532,5,827,392,0,None,TA,Unf,Normal
533,1,334,0,0,None,TA,Unf,Normal
534,8,1414,403,707,None,Ex,Fin,Normal
535,5,1347,0,1117,None,Gd,Unf,Normal
536,7,1724,527,880,None,Gd,Fin,Normal
537,4,864,576,864,None,TA,Unf,Normal
538,5,1159,336,1051,BrkFace,TA,Unf,Normal
539,8,1601,670,1581,BrkFace,Gd,RFn,Normal
540,9,1838,765,1838,BrkFace,Ex,Fin,Normal
541,8,2285,648,969,BrkFace,Gd,Fin,Normal
542,7,1680,583,1650,None,Ex,Fin,Normal
543,7,767,367,723,BrkFace,Gd,Fin,Normal
544,7,1496,426,654,None,Gd,RFn,Partial
545,7,2183,786,1204,BrkFace,Gd,Unf,Normal
546,6,1635,440,1065,None,Gd,Unf,Normal
547,5,768,624,768,None,Gd,Unf,Normal
548,5,825,720,825,None,TA,RFn,Normal
549,7,2094,615,912,None,Gd,Fin,Normal
550,6,1069,440,1069,None,Gd,RFn,Abnorml
551,5,928,288,928,None,TA,Fin,Normal
552,8,1717,908,1709,Stone,Ex,RFn,Normal
553,4,1126,520,0,None,TA,Fin,Normal
554,7,2046,871,998,BrkFace,Gd,RFn,Normal
555,5,1048,280,993,None,TA,Unf,Normal
556,5,1092,299,1092,None,TA,Fin,Normal
557,4,1336,570,637,None,TA,Unf,Normal
558,7,1446,406,729,None,Gd,Unf,Normal
559,7,1557,420,1374,BrkFace,Gd,Fin,Normal
560,5,1392,528,1392,BrkFace,Gd,Unf,Normal
561,5,1389,418,1389,None,Gd,RFn,Normal
562,5,996,0,996,None,TA,Unf,Normal
563,6,1674,396,1163,None,Gd,Fin,Normal
564,7,2295,590,1095,None,Gd,RFn,Normal
565,6,1647,216,806,None,Gd,Unf,Normal
566,9,2504,656,1122,BrkFace,Gd,Fin,Normal
567,7,1535,532,1517,BrkFace,Gd,RFn,Normal
568,8,2132,612,1496,None,Gd,Fin,Normal
569,5,943,600,943,None,Gd,Unf,Normal
570,5,1728,576,1728,BrkFace,TA,Unf,Normal
571,6,864,288,864,BrkFace,TA,Unf,Abnorml
572,7,1692,650,846,None,Ex,RFn,Partial
573,7,1430,400,384,None,Gd,RFn,Normal
574,5,1109,288,372,BrkFace,TA,Unf,Normal
575,5,1216,336,832,None,TA,Unf,Abnorml
576,7,1477,216,861,None,TA,Unf,Normal
577,5,1320,564,1164,BrkFace,TA,RFn,Abnorml
578,7,1392,540,689,None,Gd,Unf,Abnorml
579,5,1795,352,1050,BrkFace,TA,Unf,Normal
580,6,1429,572,1144,BrkFace,TA,Unf,Normal
581,8,2042,1390,2042,BrkFace,Ex,RFn,Partial
582,6,816,0,816,BrkFace,Gd,Unf,Normal
583,10,2775,880,1237,None,TA,Unf,Normal
584,4,1573,240,884,None,TA,Unf,Normal
585,8,2028,880,1868,BrkFace,Ex,RFn,Partial
586,6,838,275,816,None,TA,Fin,Normal
587,5,860,528,840,None,TA,Unf,Normal
588,5,1473,452,1437,None,TA,Unf,Partial
589,5,935,308,742,None,TA,Unf,Normal
590,7,1582,520,770,None,Gd,RFn,Normal
591,10,2296,842,1722,Stone,Ex,RFn,Normal
592,5,816,816,816,None,TA,Fin,Normal
593,6,848,420,848,BrkFace,Gd,Fin,Normal
594,5,924,280,924,None,Gd,Unf,Normal
595,8,1826,758,1814,BrkFace,Gd,Fin,Partial
596,6,1368,216,684,None,TA,Unf,Normal
597,7,1402,648,1258,BrkFace,Ex,Fin,Partial
598,5,1647,621,1430,BrkFace,Gd,Fin,Normal
599,6,1556,452,716,None,Gd,Fin,Normal
600,8,1904,736,1058,BrkFace,Gd,Fin,Normal
601,6,1375,544,780,None,TA,Unf,Normal
602,8,1915,506,908,None,Gd,Fin,Abnorml
603,7,1200,480,600,None,Gd,RFn,Normal
604,7,1494,530,1494,BrkFace,Gd,RFn,Normal
605,7,1986,486,768,BrkFace,TA,Unf,Normal
606,5,1040,576,1040,None,Gd,Unf,Normal
607,5,2008,230,896,None,TA,Unf,Normal
608,8,3194,380,965,None,Gd,Unf,Alloca
609,4,1029,261,1029,BrkCmn,TA,Unf,Normal
610,9,2153,736,1440,BrkFace,Ex,Fin,Normal
611,6,1032,564,1032,BrkFace,Gd,Unf,Normal
612,8,1872,531,1299,BrkFace,Gd,RFn,Normal
613,5,1120,0,1120,None,Gd,Unf,Partial
614,4,630,0,630,None,Gd,Unf,Normal
615,6,1054,480,936,BrkFace,TA,RFn,Abnorml
616,6,1509,393,783,None,Gd,Fin,Normal
617,6,832,528,832,None,TA,Unf,Normal
618,9,1828,774,1822,BrkFace,Ex,Unf,Partial
619,8,2262,749,1482,Stone,Gd,Fin,Normal
620,3,864,0,864,None,TA,Unf,Normal
621,6,2614,624,1522,None,TA,RFn,Normal
622,5,980,484,980,BrkFace,TA,Unf,Normal
623,6,1512,440,756,BrkFace,Gd,Unf,Normal
624,6,1790,484,732,None,TA,RFn,Normal
625,6,1116,440,1116,BrkFace,TA,Unf,Normal
626,5,1422,286,978,None,TA,RFn,Normal
627,6,1520,364,1156,BrkFace,TA,RFn,Normal
628,5,2080,504,1040,BrkFace,Gd,Unf,Family
629,6,1350,520,1248,BrkFace,TA,RFn,Normal
630,5,1750,240,636,None,Fa,Unf,Abnorml
631,8,1554,627,1554,Stone,Gd,RFn,Normal
632,7,1411,544,1386,BrkFace,TA,Fin,Family
633,5,1056,260,1056,None,TA,Unf,Normal
634,6,1056,576,1056,None,TA,Unf,Normal
635,6,3395,0,1440,None,TA,Unf,Abnorml
636,2,800,0,264,None,TA,Unf,Normal
637,5,1387,256,811,None,TA,Unf,Normal
638,5,796,0,796,None,Fa,Unf,Normal
639,8,1567,648,1520,None,Gd,Fin,Partial
640,8,1518,588,1518,BrkFace,Ex,RFn,Normal
641,7,1929,650,1057,None,Gd,Fin,Normal
642,8,2704,538,1952,None,Gd,Fin,Normal
643,5,1620,462,780,BrkFace,TA,Fin,Normal
644,9,1766,478,1766,Stone,Ex,Fin,Partial
645,6,981,576,981,None,TA,Unf,Normal
646,5,1048,420,0,None,TA,Unf,Normal
647,6,1094,495,1094,Stone,TA,RFn,Normal
648,6,1839,442,756,BrkFace,TA,Unf,Normal
649,4,630,0,630,None,Gd,Unf,Normal
650,7,1665,562,813,None,Gd,RFn,Normal
651,4,1510,296,755,None,TA,Unf,Normal
652,7,1716,512,880,None,Gd,RFn,Normal
653,6,1469,216,756,None,TA,Unf,Normal
654,8,2113,839,2109,BrkFace,Gd,Fin,Normal
655,6,1092,264,525,BrkFace,TA,Unf,Family
656,5,1053,312,1053,BrkFace,TA,RFn,Normal
657,7,1502,270,776,None,Gd,RFn,Normal
658,6,1458,330,912,None,TA,Unf,Abnorml
659,5,1486,480,1486,None,TA,Fin,Normal
660,7,1935,550,793,BrkFace,Gd,RFn,Normal
661,8,2448,711,1629,BrkFace,Gd,RFn,Normal
662,6,1392,576,1392,BrkFace,Fa,RFn,Normal
663,4,1181,588,1138,None,Gd,RFn,Normal
664,8,2097,1134,2077,None,Ex,Fin,Partial
665,8,1936,504,1406,BrkFace,Gd,RFn,Normal
666,6,2380,596,1021,BrkCmn,Gd,Unf,Abnorml
667,6,1679,575,1408,BrkFace,Gd,RFn,Normal
668,5,1437,576,1188,None,TA,Unf,Normal
669,4,1180,252,700,None,Fa,Unf,Normal
670,6,1476,540,738,None,Gd,Fin,Normal
671,6,1369,300,672,None,TA,Unf,Normal
672,6,1208,546,1208,None,Gd,RFn,Normal
673,6,1839,416,1477,BrkFace,TA,Fin,Normal
674,6,1136,384,1136,None,TA,RFn,Normal
675,6,1441,440,855,None,TA,Unf,Normal
676,4,1774,779,1095,None,TA,Unf,Normal
677,5,792,240,768,None,TA,Unf,Normal
678,8,2046,834,2046,Stone,Ex,Fin,Partial
679,5,988,572,988,BrkFace,TA,Unf,Normal
680,6,923,264,923,None,Gd,RFn,Normal
681,5,1520,281,793,None,TA,Unf,Abnorml
682,6,1291,431,1291,None,Gd,Unf,Normal
683,9,1668,702,1626,Stone,Gd,Fin,Normal
684,7,1839,486,1195,BrkFace,Gd,Fin,Normal
685,7,2090,577,1190,None,Gd,Fin,Normal
686,7,1761,578,874,None,Gd,Fin,Partial
687,7,1102,480,551,None,Gd,Unf,Normal
688,8,1419,567,1419,BrkFace,Gd,RFn,Partial
689,6,1362,460,1362,Stone,Gd,RFn,Normal
690,6,848,420,848,BrkFace,Gd,RFn,Normal
691,10,4316,832,2444,BrkFace,Ex,Fin,Normal
692,7,2519,628,1210,BrkFace,Gd,RFn,Normal
693,5,1073,326,1073,None,TA,Unf,Abnorml
694,5,1539,576,927,None,TA,Unf,Normal
695,6,1137,551,1112,BrkFace,Gd,Unf,Normal
696,5,616,205,616,None,TA,Unf,Normal
697,5,1148,308,980,None,Ex,Unf,Normal
698,5,894,336,894,None,TA,Unf,Normal
699,7,1391,530,1391,None,Gd,RFn,Normal
700,8,1800,765,1800,BrkFace,Ex,Fin,Normal
701,7,1164,528,1164,BrkFace,TA,Unf,Normal
702,8,2576,666,1234,BrkFace,Ex,Fin,Partial
703,5,1812,672,360,None,Gd,Unf,Normal
704,7,1484,606,1473,BrkFace,Gd,RFn,Normal
705,4,1092,0,0,None,TA,Unf,Normal
706,7,1824,739,1643,Stone,Gd,Unf,Normal
707,8,1324,550,1324,BrkFace,Gd,Fin,Normal
708,7,1456,400,728,None,Gd,Fin,Partial
709,5,904,408,876,BrkCmn,TA,Unf,Abnorml
710,3,729,0,270,None,TA,Unf,Normal
711,4,1178,384,859,None,TA,RFn,Abnorml
712,8,1228,472,1228,None,Gd,Fin,Normal
713,4,960,576,960,BrkFace,TA,Unf,Normal
714,6,1479,475,725,BrkFace,TA,RFn,Normal
715,6,1350,478,1064,BrkFace,Gd,RFn,Normal
716,7,2554,704,718,None,TA,Unf,Normal
717,5,1178,439,1176,None,Gd,Unf,Normal
718,7,2418,983,1311,BrkFace,Gd,RFn,Normal
719,5,971,300,971,None,Gd,Unf,Normal
720,8,1742,564,1742,None,Gd,RFn,Normal
721,6,848,420,848,BrkFace,Gd,RFn,Normal
722,4,864,463,864,None,TA,Unf,Normal
723,4,1470,548,941,None,TA,Unf,Normal
724,9,1698,768,1698,Stone,Ex,Fin,Normal
725,4,864,660,864,None,TA,Unf,Normal
726,6,1680,540,880,BrkFace,Gd,Fin,Normal
727,7,1232,632,1232,Stone,Gd,RFn,Normal
728,5,1776,888,1584,BrkFace,TA,Unf,Abnorml
729,4,1208,539,780,None,TA,Unf,Normal
730,8,1616,608,1595,None,Gd,RFn,Normal
731,7,1146,438,868,BrkFace,Ex,Fin,Normal
732,7,2031,541,1153,BrkFace,Gd,Fin,Normal
733,5,1144,264,864,None,TA,RFn,Normal
734,5,948,300,948,None,TA,Unf,Family
735,7,1768,320,880,None,Gd,Unf,Normal
736,3,1040,400,0,None,TA,Unf,Normal
737,8,1801,800,893,None,Gd,Fin,Normal
738,5,1200,0,1200,None,Gd,Unf,Alloca
739,7,1728,572,864,None,Gd,RFn,Normal
740,5,1432,360,264,None,Fa,Unf,Abnorml
741,6,912,288,912,None,TA,Unf,Normal
742,7,1349,539,1349,BrkFace,Gd,Unf,Normal
743,5,1464,480,520,None,Gd,RFn,Normal
744,8,1337,462,1337,None,Gd,RFn,Normal
745,8,2715,831,1142,BrkFace,TA,Fin,Normal
746,7,2256,554,952,None,Gd,Fin,Normal
747,7,2640,864,1240,None,TA,Unf,Normal
748,7,1720,527,1720,BrkFace,Gd,Fin,Normal
749,4,1529,240,0,None,TA,Unf,Normal
750,4,1140,0,576,None,TA,Unf,Normal
751,7,1320,400,660,None,Gd,Fin,Normal
752,6,1494,576,1479,None,Gd,RFn,Normal
753,8,2098,878,1030,BrkFace,Gd,RFn,Normal
754,6,1026,440,1026,None,TA,RFn,Normal
755,6,1471,440,729,BrkFace,Gd,Unf,Normal
756,8,1768,578,866,None,Gd,RFn,Normal
757,6,1386,440,672,BrkCmn,TA,Fin,Abnorml
758,7,1501,440,744,BrkFace,Gd,Unf,Normal
759,8,2531,752,1318,BrkFace,Gd,RFn,Normal
760,6,864,300,864,None,TA,Unf,Normal
761,5,1301,440,1145,None,TA,Unf,Normal
762,7,1547,614,756,None,Gd,Unf,Normal
763,8,2365,856,1252,BrkFace,Gd,RFn,Normal
764,8,1494,481,1494,None,Gd,Fin,Normal
765,9,1506,592,1498,Stone,Gd,Fin,Partial
766,7,1714,496,980,BrkFace,Gd,Unf,Normal
767,6,1750,423,983,None,Gd,Unf,Normal
768,7,1836,484,1860,None,Gd,Fin,Normal
769,8,3279,841,1650,BrkFace,Gd,Fin,Normal
770,5,858,576,858,None,Gd,Unf,Normal
771,4,1220,396,836,None,Fa,Unf,Normal
772,6,1117,672,1029,None,TA,Unf,Abnorml
773,5,912,275,912,None,TA,RFn,Normal
774,8,1973,895,1935,BrkFace,Gd,Fin,Partial
775,6,1204,412,1204,BrkFace,Ex,Fin,Normal
776,7,1614,865,1614,BrkFace,Gd,RFn,Partial
777,5,894,440,864,None,TA,Unf,Normal
778,5,2020,630,0,BrkFace,TA,Unf,Normal
779,6,1004,504,975,BrkFace,Gd,Unf,Normal
780,7,1253,402,1237,BrkFace,Gd,Fin,Normal
781,6,1603,484,761,None,Gd,RFn,Normal
782,7,1430,605,1413,None,Gd,RFn,Normal
783,5,1110,602,1097,BrkFace,Gd,Fin,Normal
784,6,1484,0,742,None,TA,Unf,Normal
785,6,1342,457,1372,None,TA,Unf,Normal
786,5,1652,416,686,None,Fa,Unf,Normal
787,7,2084,618,956,None,Gd,RFn,Normal
788,4,901,281,901,None,TA,Unf,Normal
789,6,2087,444,832,BrkFace,TA,Fin,Normal
790,7,1145,397,1145,BrkFace,Gd,Fin,Normal
791,6,1062,539,1029,None,Gd,RFn,Normal
792,7,2013,455,1117,None,Gd,Unf,Normal
793,8,1496,474,1496,Stone,Gd,Fin,Partial
794,7,1895,409,712,None,Gd,Fin,Normal
795,6,1564,476,650,BrkFace,Gd,Unf,Normal
796,6,1285,528,660,BrkFace,TA,RFn,Normal
797,5,773,240,773,None,TA,Unf,Abnorml
798,9,3140,820,1926,Stone,Ex,Fin,Partial
799,5,1768,240,731,BrkFace,Gd,Unf,Normal
800,6,1688,603,616,None,Gd,RFn,Normal
801,4,1196,440,1196,None,TA,Unf,Normal
802,7,1456,410,728,None,Gd,Fin,Normal
803,9,2822,1020,1734,Stone,Ex,RFn,Partial
804,5,1128,286,936,None,TA,Unf,Family
805,7,1428,554,1417,Stone,Gd,RFn,Partial
806,5,980,384,980,None,TA,Fin,Normal
807,5,1576,528,1324,None,TA,RFn,Normal
808,5,1086,484,1024,BrkFace,TA,RFn,Normal
809,5,2138,360,849,None,TA,Unf,Normal
810,6,1309,484,1040,BrkFace,TA,RFn,Normal
811,6,848,420,848,BrkFace,Gd,Fin,Normal
812,5,1044,504,540,None,TA,Unf,Alloca
813,6,1442,301,1442,BrkFace,TA,RFn,Normal
814,5,1250,280,686,None,TA,Unf,Normal
815,7,1661,598,1649,BrkFace,Gd,RFn,Normal
816,5,1008,275,1008,None,TA,RFn,Normal
817,8,1689,857,1568,BrkFace,Gd,RFn,Normal
818,6,1052,440,1010,BrkFace,TA,Unf,Normal
819,7,1358,484,1358,Stone,Gd,RFn,Partial
820,7,1640,595,798,None,Gd,RFn,Normal
821,4,936,576,936,None,Fa,Unf,Normal
822,7,1733,433,847,None,Gd,Fin,Family
823,6,1489,240,778,None,TA,Unf,Normal
824,8,1489,776,1489,None,Gd,RFn,Partial
825,10,2084,1220,2078,BrkFace,Ex,Fin,Partial
826,5,784,0,784,None,TA,Unf,Normal
827,7,1434,527,1454,None,Gd,RFn,Normal
828,5,2126,538,1013,None,TA,Fin,Abnorml
829,7,1223,480,600,None,Gd,RFn,Normal
830,6,1392,458,1392,BrkFace,TA,RFn,Normal
831,7,1200,480,600,None,Gd,RFn,Normal
832,7,1829,613,941,BrkFace,Gd,RFn,Normal
833,6,1516,472,1516,BrkFace,TA,RFn,Normal
834,5,1144,456,1144,BrkFace,TA,Unf,Normal
835,4,1067,436,1067,None,Gd,Unf,Normal
836,5,1559,812,1559,None,TA,Unf,Normal
837,6,987,264,483,BrkFace,TA,Unf,Normal
838,5,1099,352,1099,None,Gd,Unf,Normal
839,5,1200,240,768,None,TA,Unf,Normal
840,6,1482,400,672,None,TA,Unf,Normal
841,5,1539,686,650,None,TA,Unf,Normal
842,6,1165,490,1127,BrkFace,TA,RFn,Normal
843,5,1800,0,1800,None,TA,Unf,Normal
844,5,1416,720,876,None,TA,Unf,Normal
845,5,1701,611,1390,None,Gd,Fin,Normal
846,7,1775,425,740,BrkFace,Gd,Unf,Normal
847,5,864,338,864,None,TA,Unf,Normal
848,6,2358,360,907,None,TA,Unf,Normal
849,6,1855,512,528,BrkFace,TA,RFn,Normal
850,6,848,420,848,BrkFace,Gd,Fin,Normal
851,8,1456,400,1273,BrkFace,Gd,Fin,Normal
852,7,1646,240,918,None,TA,Unf,Normal
853,6,1445,645,1127,BrkFace,TA,RFn,Normal
854,5,1779,454,1763,None,TA,Unf,Abnorml
855,5,1040,260,1040,None,TA,Unf,Normal
856,6,1026,576,940,None,Gd,Unf,Normal
857,6,1481,343,702,None,Gd,Fin,Normal
858,7,1370,479,1090,BrkFace,Gd,RFn,Family
859,6,2654,619,1054,BrkFace,TA,Unf,Normal
860,7,1426,216,912,None,TA,Unf,Normal
861,5,1039,504,1039,None,TA,Unf,Normal
862,6,1097,480,1040,None,Gd,Unf,Normal
863,5,1148,672,1148,None,TA,Unf,Normal
864,7,1372,529,1372,None,Ex,Fin,Partial
865,5,1002,902,1002,BrkFace,TA,Unf,Normal
866,8,1646,870,1638,Stone,Gd,RFn,Partial
867,4,1120,544,1040,None,TA,RFn,Normal
868,5,2320,672,0,None,TA,Unf,Normal
869,7,1949,574,1050,BrkFace,Gd,Fin,Normal
870,5,894,308,894,None,TA,Unf,Normal
871,6,1682,523,804,BrkFace,Gd,RFn,Normal
872,5,910,414,105,None,TA,Unf,Normal
873,5,1268,288,832,None,TA,Unf,Normal
874,5,1131,200,676,None,TA,Unf,Abnorml
875,8,2610,550,1184,None,Gd,Fin,Partial
876,4,1040,648,1064,None,TA,Unf,Normal
877,9,2224,738,1462,Stone,Ex,Fin,Normal
878,5,1155,576,1109,None,TA,Unf,Normal
879,5,864,336,864,BrkFace,TA,Unf,Normal
880,5,1090,450,1090,None,Ex,Fin,Normal
881,7,1717,400,1156,BrkFace,Gd,RFn,Normal
882,6,1593,389,808,None,Gd,RFn,Normal
883,4,2230,440,795,None,TA,Unf,Normal
884,5,892,288,892,BrkFace,TA,RFn,Normal
885,9,1709,506,1698,BrkFace,Ex,Fin,Abnorml
886,5,1712,588,1626,BrkFace,TA,Fin,Family
887,5,1393,300,816,None,TA,Unf,Normal
888,8,2217,621,2217,None,TA,Unf,Normal
889,6,1505,505,1505,BrkFace,TA,RFn,Normal
890,5,924,576,672,None,TA,Unf,Normal
891,6,1683,440,918,BrkFace,TA,RFn,Normal
892,6,1068,264,1059,None,TA,RFn,Normal
893,5,1383,354,1383,None,Gd,Unf,Normal
894,5,1535,400,0,None,TA,Unf,Alloca
895,6,1796,483,780,BrkFace,TA,RFn,Normal
896,4,951,327,951,None,TA,Unf,Abnorml
897,5,2240,528,0,None,TA,Unf,Alloca
898,9,2364,820,2330,Stone,Ex,Fin,Partial
899,5,1236,288,912,None,TA,Unf,Normal
900,4,858,684,858,None,TA,Unf,Normal
901,5,1306,756,992,None,TA,Unf,Normal
902,7,1509,393,783,None,Gd,Fin,Normal
903,7,1670,690,1670,BrkFace,Gd,RFn,Partial
904,5,902,288,876,BrkFace,TA,Unf,Normal
905,5,1063,280,1056,Stone,TA,RFn,Normal
906,8,1636,865,1623,Stone,Gd,RFn,Normal
907,7,2057,180,1017,None,Gd,Fin,Normal
908,5,902,484,864,None,Gd,Unf,Normal
909,6,1484,390,742,None,Gd,Fin,Normal
910,5,2274,480,1105,BrkFace,TA,Unf,Normal
911,5,1268,252,1268,None,Gd,Unf,Normal
912,5,1015,450,768,None,TA,Unf,Abnorml
913,5,2002,871,1001,None,TA,Unf,Normal
914,6,1224,528,612,Stone,Gd,RFn,Partial
915,4,1092,286,546,BrkFace,TA,Unf,Normal
916,2,480,308,480,None,TA,Unf,Abnorml
917,4,1229,284,1134,None,TA,RFn,Normal
918,7,2127,833,1104,None,Ex,RFn,Normal
919,6,1414,601,1184,None,Gd,Unf,Normal
920,6,1721,471,928,BrkFace,Gd,RFn,Normal
921,5,2200,0,1272,None,TA,Unf,Normal
922,6,1316,397,1316,None,Gd,Fin,Partial
923,6,1617,533,1604,None,Gd,RFn,Normal
924,6,1686,612,1686,BrkFace,Gd,Unf,Normal
925,5,1126,540,1126,None,Gd,RFn,Abnorml
926,8,2374,656,1181,BrkFace,Gd,Fin,Normal
927,7,1978,486,832,BrkFace,TA,RFn,Normal
928,8,1788,522,1753,None,Gd,RFn,Normal
929,7,2236,642,964,BrkFace,Gd,Fin,Normal
930,8,1466,610,1466,None,Gd,Fin,Normal
931,5,925,429,925,None,TA,Unf,Normal
932,9,1905,788,1905,Stone,Ex,Fin,Normal
933,7,1500,570,1500,BrkFace,Gd,RFn,Normal
934,7,2069,505,585,None,Gd,RFn,Normal
935,4,747,528,600,BrkFace,Fa,Unf,Normal
936,7,1200,555,1176,None,Gd,RFn,Normal
937,7,1971,689,1113,None,Gd,RFn,Normal
938,7,1962,868,1391,None,Gd,RFn,Partial
939,7,2403,349,1032,None,TA,Unf,Normal
940,6,1728,574,1728,None,TA,Unf,Normal
941,7,2060,390,992,BrkFace,Gd,RFn,Normal
942,4,1440,0,1440,None,Gd,Unf,Abnorml
943,5,1632,576,1632,None,TA,Unf,Normal
944,6,1344,525,819,BrkFace,TA,RFn,Abnorml
945,5,1869,456,1088,None,TA,Unf,Normal
946,5,1144,796,1144,BrkFace,TA,RFn,Normal
947,8,1629,808,1616,BrkFace,Gd,Fin,Normal
948,7,1776,474,936,BrkFace,Gd,RFn,Normal
949,6,1381,676,1161,None,TA,RFn,Normal
950,5,864,720,864,None,TA,RFn,Normal
951,5,965,300,828,None,TA,Unf,Abnorml
952,5,768,396,768,None,Gd,Fin,Normal
953,5,1968,530,784,BrkFace,TA,RFn,Normal
954,6,980,0,945,BrkFace,Gd,Unf,AdjLand
955,6,1958,492,979,BrkFace,Gd,Unf,Normal
956,6,1229,462,561,None,Gd,Fin,Normal
957,5,1057,576,1057,None,TA,Fin,Normal
958,7,1337,531,1337,None,Gd,RFn,Normal
959,7,1416,484,696,None,Gd,Unf,Normal
960,5,858,0,858,None,TA,Unf,Normal
961,6,2872,619,1330,BrkFace,Gd,Fin,Normal
962,6,1548,440,804,None,Gd,Unf,Normal
963,9,1800,702,1800,None,Ex,Fin,Normal
964,7,1894,510,817,BrkFace,Gd,Fin,Normal
965,6,1484,393,783,None,Gd,Fin,Partial
966,5,1308,256,728,None,TA,Unf,Normal
967,5,1098,260,1098,BrkFace,TA,Unf,Normal
968,3,968,0,600,None,TA,Unf,Abnorml
969,6,1095,264,588,BrkFace,TA,RFn,Normal
970,4,1192,0,720,None,TA,Unf,Abnorml
971,7,1626,474,764,Stone,Gd,RFn,Normal
972,6,918,264,918,None,Gd,Unf,Normal
973,7,1428,480,1428,None,Gd,Fin,Partial
974,7,2019,532,728,None,Gd,Unf,Normal
975,7,1382,490,673,None,Gd,Unf,Normal
976,4,869,0,440,None,Gd,Unf,Normal
977,7,1241,569,1241,None,Gd,Fin,Partial
978,4,894,400,894,None,TA,Unf,Abnorml
979,5,1121,480,1121,None,TA,Unf,Normal
980,7,999,588,944,Stone,TA,RFn,Normal
981,8,2612,676,1225,BrkFace,Gd,Fin,Normal
982,7,1266,388,1266,BrkFace,Gd,Fin,Normal
983,8,2290,779,1128,None,Gd,Unf,Normal
984,5,1734,539,0,None,TA,Unf,Normal
985,5,1164,240,1164,None,TA,Unf,Normal
986,6,1635,255,485,None,TA,Unf,Normal
987,9,1940,606,1930,Stone,Ex,Fin,Partial
988,6,2030,551,848,BrkFace,TA,Fin,Normal
989,7,1576,614,770,None,Gd,RFn,Partial
990,8,2392,870,1396,BrkFace,Gd,Fin,Normal
991,8,1742,424,916,None,TA,Unf,Normal
992,6,1851,440,822,BrkFace,TA,RFn,Normal
993,6,1500,564,750,None,Gd,RFn,Partial
994,10,1718,786,1700,Stone,Ex,Fin,Normal
995,4,1230,305,747,None,TA,Unf,Abnorml
996,5,1050,368,1050,None,TA,Unf,Normal
997,6,1442,615,1442,BrkFace,TA,RFn,Normal
998,3,1077,210,1007,None,TA,Unf,Normal
999,7,1208,632,1187,Stone,Gd,RFn,Normal
1000,3,944,528,0,None,TA,Unf,Normal
1001,5,691,216,691,None,Fa,Unf,Abnorml
1002,8,1574,824,1574,BrkFace,Gd,RFn,Normal
1003,5,1680,528,1680,BrkFace,TA,Unf,Normal
1004,7,1504,457,1346,BrkFace,Gd,Fin,Normal
1005,5,985,328,985,BrkFace,Gd,Unf,Normal
1006,6,1657,484,1657,None,Gd,Unf,Normal
1007,4,1092,286,546,None,TA,RFn,Normal
1008,7,1710,550,1710,Stone,Ex,Fin,Normal
1009,5,1522,0,1008,None,TA,Unf,Normal
1010,5,1271,312,720,None,TA,Unf,Normal
1011,5,1664,0,0,None,TA,Unf,Normal
1012,6,1502,180,602,None,TA,Unf,Normal
1013,5,1022,280,1022,None,TA,Unf,Normal
1014,6,1082,240,1082,BrkFace,TA,Unf,Normal
1015,8,1665,528,810,None,Gd,Fin,Normal
1016,7,1504,478,1504,BrkFace,Gd,Fin,Normal
1017,8,1360,565,1220,None,Gd,RFn,Abnorml
1018,7,1472,402,384,BrkFace,Gd,RFn,Normal
1019,7,1506,440,1362,BrkFace,Gd,Fin,Normal
1020,4,1132,451,1132,None,Gd,Fin,Normal
1021,7,1220,632,1199,Stone,Gd,RFn,Partial
1022,5,1248,160,912,None,TA,Unf,Normal
1023,7,1504,437,1346,BrkFace,Gd,Fin,Normal
1024,8,2898,665,1565,None,Gd,Fin,Abnorml
1025,5,882,461,882,None,TA,Unf,Normal
1026,5,1264,461,1268,BrkFace,TA,Unf,Normal
1027,8,1646,800,1638,Stone,Gd,RFn,Partial
1028,5,1376,240,768,None,TA,Unf,Normal
1029,6,1218,264,672,BrkFace,TA,Unf,Normal
1030,5,1928,0,686,None,TA,Unf,Normal
1031,7,3082,672,824,None,TA,Fin,Normal
1032,8,2520,796,1338,None,Gd,RFn,Abnorml
1033,7,1654,900,1654,Stone,Gd,Unf,Normal
1034,5,954,240,920,None,Fa,Unf,Normal
1035,4,845,290,0,None,TA,Unf,Normal
1036,9,1620,912,1620,Stone,Ex,Fin,Normal
1037,8,2263,905,1055,BrkFace,Gd,Fin,Normal
1038,4,1344,0,546,None,TA,Unf,Normal
1039,4,630,286,630,None,Gd,Unf,Normal
1040,5,1803,484,1134,BrkCmn,TA,RFn,Normal
1041,6,1632,484,800,BrkFace,TA,Unf,Normal
1042,6,1306,624,1306,Stone,Gd,RFn,Normal
1043,7,2329,514,1475,BrkFace,Gd,Unf,Normal
1044,8,2524,542,2524,None,Gd,Fin,Normal
1045,3,1733,452,0,None,TA,Unf,Normal
1046,9,2868,716,1992,Stone,Ex,Fin,Partial
1047,5,990,672,990,None,Gd,Unf,Normal
1048,5,1771,336,0,BrkFace,TA,Unf,Normal
1049,4,930,308,0,None,TA,Unf,Abnorml
1050,7,1302,436,1302,None,Gd,Fin,Partial
1051,7,1316,440,1316,None,Gd,Fin,Partial
1052,6,1977,540,816,BrkCmn,TA,RFn,Normal
1053,5,1526,364,1216,Stone,TA,Unf,Normal
1054,8,1989,586,1065,BrkFace,Gd,Fin,Normal
1055,6,1523,478,1193,BrkFace,Gd,Fin,Abnorml
1056,7,1364,484,1364,Stone,Gd,RFn,Normal
1057,7,1850,467,973,None,Gd,Fin,Normal
1058,9,2184,836,1104,Stone,Ex,Fin,Normal
1059,6,1991,432,854,BrkFace,TA,Unf,Normal
1060,8,1338,582,1338,None,Gd,Fin,Normal
1061,3,894,1248,894,None,TA,RFn,Normal
1062,5,2337,560,662,None,TA,Unf,Normal
1063,6,1103,440,1103,None,TA,Unf,Normal
1064,5,1154,480,1154,BrkFace,TA,RFn,Normal
1065,7,2260,533,1306,None,Ex,RFn,Normal
1066,6,1571,380,799,None,Gd,RFn,Normal
1067,6,1611,442,780,BrkFace,TA,RFn,Normal
1068,6,2521,576,942,None,Gd,Fin,Normal
1069,5,893,576,845,None,TA,Unf,Normal
1070,5,1048,286,1048,BrkFace,TA,Unf,Normal
1071,6,1556,441,727,None,TA,Unf,Normal
1072,5,1456,280,810,None,Fa,Unf,Normal
1073,6,1426,440,690,BrkFace,TA,Fin,Normal
1074,7,1240,826,1240,None,Gd,RFn,Normal
1075,7,1740,240,800,None,TA,Unf,Normal
1076,5,1466,566,796,None,Fa,Unf,Normal
1077,5,1096,299,1096,None,TA,Fin,Abnorml
1078,6,848,420,848,BrkFace,Gd,RFn,Normal
1079,5,990,299,990,None,Gd,Unf,Normal
1080,6,1258,528,1258,BrkFace,TA,RFn,Abnorml
1081,5,1040,308,1040,None,TA,Fin,Normal
1082,7,1459,527,1459,BrkFace,Gd,RFn,Normal
1083,6,1251,461,1251,BrkFace,TA,RFn,Normal
1084,6,1498,409,691,None,Gd,Fin,Normal
1085,6,996,564,936,None,Gd,Unf,Normal
1086,4,1092,286,546,None,TA,RFn,Normal
1087,8,1953,1043,1082,None,Gd,RFn,Normal
1088,7,1709,380,970,Stone,Gd,Unf,Normal
1089,8,1247,550,1247,None,Gd,Fin,Normal
1090,3,1040,400,0,None,TA,Unf,Normal
1091,7,1252,462,600,BrkFace,Gd,Unf,Normal
1092,6,1694,576,1181,None,TA,Unf,Normal
1093,5,1200,884,864,BrkFace,TA,Unf,Normal
1094,5,936,308,936,None,TA,Fin,Normal
1095,6,1314,440,1314,None,Gd,RFn,Normal
1096,6,1355,0,684,None,TA,Unf,Normal
1097,8,1088,461,1074,None,Gd,RFn,Normal
1098,4,1324,240,672,None,TA,Unf,Normal
1099,7,1601,478,1271,BrkFace,Gd,RFn,Abnorml
1100,2,438,246,290,None,TA,Unf,Normal
1101,5,950,280,950,None,TA,Unf,Normal
1102,5,1134,254,1010,BrkFace,TA,RFn,Family
1103,6,1194,539,655,None,TA,Fin,Normal
1104,5,1302,440,630,BrkFace,TA,Unf,Normal
1105,8,2622,712,1463,BrkFace,Ex,RFn,Normal
1106,7,1442,719,910,None,Gd,Fin,Normal
1107,7,2021,422,868,None,Ex,RFn,Partial
1108,6,1690,463,924,None,Gd,RFn,Abnorml
1109,8,1836,862,1836,Stone,Ex,Fin,Normal
1110,6,1658,431,773,None,Gd,Fin,Normal
1111,7,1964,483,803,BrkFace,TA,RFn,Normal
1112,5,816,308,816,None,TA,Unf,Normal
1113,5,1008,240,1008,None,TA,Unf,Normal
1114,5,833,326,833,None,TA,Unf,Normal
1115,8,1734,928,1734,Stone,Ex,RFn,Partial
1116,8,1419,527,408,None,Gd,Fin,Normal
1117,5,894,450,894,None,TA,RFn,Normal
1118,5,1601,300,533,None,TA,RFn,Normal
1119,5,1040,286,1040,None,TA,RFn,Normal
1120,6,1012,308,1012,None,TA,Unf,Normal
1121,7,1552,782,1552,BrkFace,Gd,RFn,Partial
1122,4,960,288,672,None,TA,Unf,Abnorml
1123,5,698,0,698,None,TA,Unf,Normal
1124,7,1482,392,384,BrkFace,Gd,Fin,Normal
1125,4,1005,672,1005,None,TA,Unf,Normal
1126,7,1555,660,1373,BrkFace,Gd,Fin,Normal
1127,7,1530,630,1530,None,Gd,Fin,Family
1128,7,1959,434,847,None,Gd,Fin,Normal
1129,5,936,672,936,BrkFace,Gd,Unf,Normal
1130,4,1981,576,1122,None,TA,Unf,Normal
1131,5,974,0,974,None,Gd,Unf,Abnorml
1132,6,2210,205,1008,None,TA,Unf,Normal
1133,8,2020,466,1128,None,Gd,RFn,Normal
1134,6,1600,460,916,None,Gd,Fin,Normal
1135,6,986,180,960,None,TA,Unf,Normal
1136,6,1252,288,1032,None,TA,Unf,Abnorml
1137,5,1020,0,780,None,TA,Unf,Normal
1138,6,1567,714,1567,None,TA,RFn,Normal
1139,5,1167,495,915,None,TA,Unf,Normal
1140,5,952,840,952,None,TA,Unf,Abnorml
1141,5,1868,484,780,BrkFace,TA,Unf,Normal
1142,8,2828,1052,1466,Stone,Ex,RFn,Partial
1143,5,1006,0,1006,None,TA,Unf,Normal
1144,4,924,280,672,None,Gd,Unf,Normal
1145,5,1576,225,1042,None,TA,Unf,Family
1146,6,1298,403,1298,BrkFace,Gd,Unf,Normal
1147,7,1564,234,704,None,TA,Unf,Normal
1148,7,1111,288,572,None,TA,Unf,Normal
1149,7,1482,324,650,None,TA,Unf,Normal
1150,6,932,306,932,None,TA,Unf,Normal
1151,5,1466,528,1466,BrkFace,TA,Fin,Normal
1152,6,1811,470,1073,None,TA,Fin,Abnorml
1153,6,816,432,816,None,TA,Unf,Normal
1154,7,1820,492,864,Stone,TA,Unf,Normal
1155,5,1437,528,1437,None,Gd,RFn,Normal
1156,5,1265,502,1219,None,TA,RFn,Normal
1157,7,1314,626,1314,Stone,Gd,RFn,Normal
1158,8,1580,830,1580,Stone,Gd,RFn,Partial
1159,6,1876,540,901,BrkFace,TA,RFn,Normal
1160,6,1456,440,855,None,Gd,Unf,Normal
1161,6,1640,924,1296,BrkFace,TA,Unf,Normal
1162,5,894,450,894,None,Gd,Fin,Normal
1163,4,1258,400,1198,None,Gd,Unf,Alloca
1164,5,1432,588,1360,None,Gd,Unf,Normal
1165,7,1502,644,1502,Stone,Gd,RFn,Partial
1166,8,1694,776,1694,Stone,Gd,RFn,Normal
1167,6,1671,472,959,None,Gd,Fin,Normal
1168,6,2108,540,1127,None,TA,Unf,Normal
1169,10,3627,807,1930,BrkFace,Ex,Fin,Normal
1170,6,1118,358,1096,None,TA,Fin,Normal
1171,6,1261,433,1261,None,TA,RFn,Normal
1172,7,1250,625,625,None,Gd,Fin,Normal
1173,5,3086,0,1598,None,TA,Unf,Normal
1174,6,2345,360,952,None,Gd,Unf,Normal
1175,8,2872,541,1683,BrkFace,Gd,Fin,Normal
1176,5,923,264,876,None,TA,Unf,Normal
1177,6,1224,210,818,None,TA,Unf,Normal
1178,5,1343,186,731,None,TA,Unf,Normal
1179,5,1124,0,0,None,TA,Unf,Normal
1180,7,2514,693,1216,None,Gd,Fin,Normal
1181,8,1652,482,1600,Stone,Ex,Fin,Partial
1182,10,4476,813,2396,None,Ex,Fin,Abnorml
1183,5,1130,720,1120,None,TA,Unf,Normal
1184,5,1572,995,1572,BrkFace,TA,RFn,Normal
1185,5,1221,392,784,None,TA,Unf,Normal
1186,3,1699,420,978,None,Fa,Unf,Abnorml
1187,8,1624,757,1624,None,Gd,RFn,Normal
1188,7,1660,493,831,BrkFace,Gd,RFn,Normal
1189,7,1804,442,994,None,TA,Fin,Normal
1190,4,1622,1356,1249,Stone,TA,Fin,Normal
1191,8,1441,492,776,BrkFace,Gd,Unf,Normal
1192,5,1472,250,702,None,TA,Unf,Normal
1193,6,1224,402,1224,BrkFace,Ex,Fin,Normal
1194,6,1352,299,663,Stone,TA,Fin,Normal
1195,6,1456,400,728,None,Gd,Fin,Normal
1196,7,1863,660,879,None,Gd,Fin,Partial
1197,7,1690,225,815,None,TA,Unf,Normal
1198,7,1212,573,1212,None,Gd,RFn,Normal
1199,4,1382,459,1051,BrkFace,TA,Unf,Normal
1200,4,864,280,864,None,TA,Unf,Abnorml
1201,7,1779,546,866,None,Gd,RFn,Normal
1202,5,1348,216,884,None,TA,Unf,Normal
1203,7,1630,451,1630,BrkFace,Gd,Unf,Normal
1204,5,1074,495,1056,None,Gd,RFn,Normal
1205,7,2196,701,2158,BrkFace,Gd,RFn,Normal
1206,4,1056,384,1056,None,TA,Unf,Normal
1207,6,1700,544,1682,BrkFace,Gd,RFn,Normal
1208,5,1283,506,931,None,TA,Unf,Normal
1209,8,1660,500,1660,Stone,Ex,RFn,Partial
1210,6,1845,462,1055,None,Gd,RFn,Normal
1211,8,1752,492,559,None,Gd,RFn,Normal
1212,4,672,234,672,None,TA,Unf,Normal
1213,4,960,364,648,None,TA,Unf,Normal
1214,5,999,300,925,None,TA,Unf,Normal
1215,5,894,384,894,None,TA,RFn,Normal
1216,6,1902,539,0,None,TA,Unf,Normal
1217,8,1314,552,1300,Stone,Gd,RFn,Partial
1218,4,912,0,0,None,TA,Unf,Normal
1219,6,1218,0,672,BrkFace,TA,Unf,Abnorml
1220,5,912,288,912,None,TA,Unf,Abnorml
1221,5,1211,322,952,None,TA,Unf,Normal
1222,6,1846,315,1040,BrkFace,TA,Unf,Normal
1223,5,2136,528,2136,BrkFace,TA,Unf,Normal
1224,7,1490,388,788,None,Gd,Fin,Normal
1225,6,1138,264,588,BrkFace,TA,RFn,Normal
1226,6,1933,668,894,Stone,Gd,Fin,Normal
1227,5,912,576,912,BrkFace,TA,Unf,Normal
1228,9,1702,1052,1702,BrkFace,Ex,Fin,Partial
1229,5,1507,404,1075,None,TA,Unf,Normal
1230,5,2620,600,1361,None,Gd,RFn,Normal
1231,5,1190,540,1106,BrkFace,TA,Unf,Normal
1232,4,1224,462,0,None,TA,Unf,Normal
1233,5,1188,531,1188,BrkFace,TA,RFn,Abnorml
1234,5,1964,0,940,None,TA,Unf,Abnorml
1235,5,1784,180,747,None,Gd,Unf,Normal
1236,7,1626,474,764,Stone,Gd,RFn,Normal
1237,7,1948,434,847,None,Gd,Fin,Normal
1238,6,1141,484,1141,None,Gd,Unf,Abnorml
1239,8,1484,472,1476,BrkFace,Gd,RFn,Normal
1240,7,1768,543,884,BrkFace,Gd,RFn,Normal
1241,7,1689,954,1689,Stone,Gd,RFn,Partial
1242,7,1173,528,1053,BrkFace,Gd,RFn,Family
1243,10,2076,850,2076,None,Ex,Fin,Partial
1244,8,1517,400,792,None,Gd,Unf,Normal
1245,6,1868,477,585,BrkFace,Gd,Fin,Abnorml
1246,7,1553,615,756,None,Gd,RFn,Partial
1247,6,1034,888,1012,BrkFace,TA,Unf,Normal
1248,6,2058,396,735,None,Gd,Unf,Normal
1249,5,988,276,876,None,TA,Unf,Normal
1250,7,2110,522,2110,None,TA,Fin,Normal
1251,7,1405,478,1405,Stone,Gd,RFn,Normal
1252,5,874,288,864,None,TA,RFn,Normal
1253,7,2167,518,1192,None,TA,RFn,Normal
1254,7,1656,397,746,Stone,Gd,Fin,Normal
1255,6,1367,560,884,None,TA,Unf,Normal
1256,8,1987,691,1986,BrkFace,Gd,Fin,Normal
1257,5,864,0,864,None,Fa,Unf,Normal
1258,7,1166,400,856,Stone,Gd,Fin,Normal
1259,6,1054,460,1054,None,Gd,Unf,Normal
1260,6,1675,502,841,None,Gd,Fin,Normal
1261,5,1050,338,1050,None,TA,Unf,Normal
1262,4,1788,304,1104,None,TA,Unf,Normal
1263,6,1824,520,764,None,TA,Unf,Normal
1264,6,1337,511,1405,None,Gd,Fin,Abnorml
1265,7,1452,506,691,BrkFace,Gd,Unf,Normal
1266,7,1889,308,925,None,TA,Unf,Normal
1267,9,2018,746,2002,None,Ex,Fin,Normal
1268,8,3447,1014,728,BrkFace,TA,Unf,Normal
1269,5,1524,315,874,BrkFace,TA,Unf,Normal
1270,7,1524,586,1332,None,Gd,Fin,Normal
1271,6,1489,462,1489,None,TA,RFn,Normal
1272,5,935,288,935,BrkFace,TA,Unf,Normal
1273,6,1357,312,1019,BrkFace,TA,RFn,Normal
1274,5,1250,552,661,None,TA,Unf,Normal
1275,5,1920,400,928,Stone,TA,Unf,Normal
1276,6,1395,497,723,None,TA,Unf,Normal
1277,6,1724,480,1680,BrkFace,Gd,RFn,Normal
1278,8,2031,577,1128,None,Gd,RFn,Normal
1279,4,1128,528,698,None,TA,RFn,Abnorml
1280,7,1573,544,1573,BrkFace,Gd,RFn,Normal
1281,7,1339,484,1309,BrkFace,Gd,Fin,Normal
1282,5,1040,484,1040,None,Gd,Unf,Normal
1283,6,1824,0,912,None,TA,Unf,Normal
1284,6,2447,336,804,None,TA,Unf,Normal
1285,6,1412,280,780,None,TA,Unf,Normal
1286,6,1328,528,1328,BrkFace,TA,Unf,Normal
1287,5,1582,390,1624,BrkCmn,TA,Unf,Normal
1288,8,1659,499,1501,None,Gd,Fin,Normal
1289,8,1970,753,1085,Stone,Gd,Fin,Partial
1290,5,1152,484,1152,BrkFace,TA,RFn,Normal
1291,5,1302,264,630,BrkFace,TA,Unf,Normal
1292,5,2372,432,994,None,TA,RFn,Normal
1293,7,1664,528,832,None,Gd,RFn,Normal
1294,5,864,572,864,None,TA,Unf,Normal
1295,5,1052,288,1052,BrkFace,TA,RFn,Normal
1296,5,1128,525,1120,BrkFace,TA,RFn,Normal
1297,6,1072,525,547,BrkFace,Gd,Fin,Partial
1298,10,5642,1418,6110,Stone,Ex,Fin,Partial
1299,5,1246,305,1246,None,TA,RFn,Normal
1300,7,1983,490,978,None,Gd,Fin,Normal
1301,6,1494,213,771,None,TA,Unf,Normal
1302,8,2526,844,1165,BrkFace,Gd,RFn,Normal
1303,7,1616,834,1616,BrkFace,Gd,RFn,Normal
1304,7,1708,380,976,Stone,Gd,Unf,Normal
1305,9,1652,840,1652,Stone,Ex,Fin,Normal
1306,7,1368,474,1368,Stone,Gd,RFn,Partial
1307,5,990,480,990,None,Gd,Unf,Normal
1308,5,1122,528,924,None,TA,Unf,Normal
1309,6,1294,496,1278,BrkFace,Gd,RFn,Normal
1310,7,1902,567,1902,None,Gd,Fin,Normal
1311,7,1274,508,1274,BrkFace,Gd,RFn,Partial
1312,8,2810,750,1453,BrkFace,Ex,RFn,Normal
1313,9,2599,779,1393,BrkFace,Gd,Fin,Normal
1314,4,948,280,948,None,TA,Unf,Normal
1315,6,2112,576,952,None,Fa,Unf,Normal
1316,8,1630,860,1622,Stone,Ex,RFn,Normal
1317,7,1352,466,1352,None,Ex,RFn,Partial
1318,8,1787,748,1753,BrkFace,Gd,RFn,Normal
1319,4,948,248,864,BrkFace,TA,Unf,Normal
1320,6,1478,442,1478,None,TA,RFn,Normal
1321,3,720,287,0,None,TA,Unf,Normal
1322,7,1923,564,750,None,Gd,RFn,Normal
1323,4,708,0,420,None,TA,Unf,Normal
1324,8,1795,895,1795,BrkFace,Ex,RFn,Partial
1325,4,796,0,796,None,TA,Unf,Normal
1326,3,774,0,544,None,TA,Unf,Normal
1327,5,816,264,816,None,TA,Unf,Normal
1328,6,2792,520,1510,None,Gd,Unf,Normal
1329,7,1632,462,935,None,Gd,Fin,Normal
1330,8,1588,825,1588,Stone,Gd,RFn,Normal
1331,5,954,576,911,None,TA,Unf,Normal
1332,4,816,288,816,None,TA,Unf,Normal
1333,5,1360,297,803,None,TA,Unf,Normal
1334,5,1365,440,765,None,TA,Unf,Normal
1335,6,1334,630,1350,BrkFace,Gd,RFn,Normal
1336,5,1656,506,1656,BrkFace,TA,Unf,Normal
1337,4,693,0,693,None,TA,Unf,Normal
1338,7,1861,492,916,None,Gd,RFn,Normal
1339,5,864,288,864,None,TA,RFn,Normal
1340,4,872,480,858,None,TA,Unf,Normal
1341,6,1114,576,1114,None,Gd,Unf,Normal
1342,8,2169,647,1284,BrkFace,Gd,RFn,Normal
1343,6,1913,342,896,None,TA,Unf,Normal
1344,7,1456,440,728,None,Gd,Fin,Partial
1345,4,960,308,960,None,TA,Unf,Normal
1346,7,2156,508,1568,None,TA,RFn,Normal
1347,8,1776,712,1732,Stone,Ex,Fin,Partial
1348,7,1494,514,1482,None,Gd,RFn,Normal
1349,8,2358,0,684,None,TA,Unf,Normal
1350,5,2634,968,1248,BrkFace,TA,Unf,Normal
1351,6,1716,490,858,BrkFace,TA,Fin,Normal
1352,6,1176,624,698,None,TA,Unf,Normal
1353,8,3238,666,2033,BrkFace,Gd,Fin,Normal
1354,7,1865,839,992,None,Gd,RFn,Normal
1355,7,1920,487,570,BrkFace,TA,RFn,Normal
1356,5,892,264,864,BrkFace,TA,RFn,Normal
1357,5,1078,500,1078,None,TA,Fin,Normal
1358,6,1573,440,756,BrkFace,Gd,Unf,Normal
1359,9,1980,770,1980,BrkFace,Ex,Fin,Normal
1360,5,2601,621,612,None,TA,RFn,Normal
1361,7,1530,430,1530,Stone,Ex,Fin,Normal
1362,4,1738,368,715,None,TA,Unf,Normal
1363,6,1412,432,616,None,Gd,Fin,Partial
1364,7,1200,480,600,None,Gd,RFn,Abnorml
1365,7,1674,663,814,None,Gd,RFn,Normal
1366,7,1790,588,873,BrkFace,Gd,RFn,Abnorml
1367,5,1475,336,757,None,TA,RFn,Normal
1368,6,848,420,848,BrkFace,Gd,Fin,Normal
1369,8,1668,502,1657,BrkFace,Gd,Fin,Normal
1370,4,1374,338,840,None,TA,Fin,Normal
1371,6,1661,377,992,None,TA,RFn,Normal
1372,7,2097,583,1108,None,Gd,RFn,Normal
1373,10,2633,804,2633,BrkFace,Ex,RFn,Normal
1374,7,1958,936,1026,None,Gd,Fin,Normal
1375,8,1571,722,1571,BrkFace,Gd,Fin,Partial
1376,6,790,160,768,None,Gd,Unf,Normal
1377,5,1604,660,984,None,TA,Unf,Normal
1378,6,987,264,483,BrkFace,TA,Unf,Normal
1379,5,1394,400,384,None,Gd,Fin,Normal
1380,3,864,200,864,None,TA,Unf,Normal
1381,6,2117,550,1205,None,TA,Fin,Normal
1382,7,1762,576,596,None,Fa,Unf,Normal
1383,5,1416,576,816,None,TA,Unf,Normal
1384,6,1258,280,560,None,TA,Unf,Normal
1385,4,1154,240,796,None,TA,Unf,Normal
1386,7,2784,564,1392,BrkFace,Gd,RFn,Normal
1387,6,2526,216,714,None,TA,Unf,Family
1388,9,1746,758,1746,Stone,Ex,Fin,Normal
1389,6,1218,440,735,None,TA,Unf,Normal
1390,7,1525,541,1525,BrkFace,Gd,RFn,Normal
1391,5,1584,792,1584,None,TA,Unf,Normal
1392,5,900,288,864,None,TA,RFn,Normal
1393,6,1912,672,482,None,Fa,Unf,Normal
1394,7,1500,648,1356,BrkFace,Gd,Fin,Partial
1395,8,2482,642,1094,BrkFace,Gd,Fin,Normal
1396,5,1687,572,747,None,TA,Unf,Normal
1397,5,1513,180,939,None,TA,Unf,Normal
1398,5,1904,240,1208,None,TA,Unf,Normal
1399,6,1608,216,976,None,TA,Unf,Normal
1400,6,1158,208,862,None,TA,RFn,Normal
1401,6,1593,398,839,None,TA,Fin,Normal
1402,7,1294,662,1286,None,Gd,RFn,Partial
1403,8,1464,754,1485,Stone,Gd,Unf,Normal
1404,3,1214,936,672,None,TA,Unf,Family
1405,8,1646,482,1594,Stone,Ex,Fin,Normal
1406,5,768,396,768,None,Gd,Unf,Normal
1407,5,833,0,833,None,TA,Unf,Normal
1408,4,1363,528,622,None,Fa,Unf,Normal
1409,7,2093,542,791,BrkFace,Gd,Fin,Normal
1410,7,1840,622,944,None,Gd,RFn,Normal
1411,6,1668,271,856,None,TA,Unf,Normal
1412,4,1040,420,0,None,TA,Unf,Normal
1413,8,1844,620,1844,Stone,Gd,Fin,Abnorml
1414,6,1848,370,833,None,TA,Unf,Normal
1415,7,1569,660,1386,BrkFace,Gd,RFn,Normal
1416,4,2290,560,777,None,TA,Unf,Normal
1417,8,2450,1069,1284,BrkFace,Gd,Fin,Normal
1418,5,1144,336,1144,None,TA,Unf,Normal
1419,6,1844,540,1844,BrkFace,TA,RFn,Normal
1420,6,1416,776,708,BrkFace,TA,RFn,Normal
1421,6,1069,440,1069,None,Gd,RFn,Normal
1422,6,848,420,848,BrkFace,Gd,Fin,Normal
1423,6,2201,432,697,None,Gd,Unf,Alloca
1424,5,1344,484,1024,None,TA,Unf,Normal
1425,6,1252,528,1252,Stone,TA,Unf,Normal
1426,7,2127,525,1223,BrkFace,Gd,RFn,Normal
1427,5,1558,288,913,None,TA,Unf,Normal
1428,5,804,240,788,Stone,TA,Unf,Abnorml
1429,6,1440,467,1440,BrkFace,Gd,Fin,Normal
1430,5,1838,372,732,None,Gd,Fin,Normal
1431,6,958,440,958,None,Gd,RFn,Normal
1432,4,968,216,656,None,TA,Unf,Normal
1433,6,1792,451,936,BrkFace,Gd,Fin,Normal
1434,5,1126,484,1126,None,TA,RFn,Normal
1435,6,1537,462,1319,BrkFace,TA,RFn,Abnorml
1436,4,864,528,864,None,TA,Unf,Normal
1437,8,1932,774,1932,Stone,Ex,Fin,Partial
1438,6,1236,923,912,None,TA,Unf,Normal
1439,7,1725,550,539,BrkFace,TA,RFn,Normal
1440,6,2555,672,588,None,Ex,Fin,Normal
1441,6,848,420,848,BrkFace,Gd,RFn,Normal
1442,10,2007,812,1017,Stone,Ex,Fin,Normal
1443,6,952,192,952,None,TA,Unf,Normal
1444,7,1422,626,1422,BrkFace,Gd,RFn,Normal
1445,6,913,240,814,None,TA,Unf,Normal
1446,5,1188,312,1188,BrkFace,TA,Unf,Normal
1447,8,2090,556,1220,BrkFace,Gd,RFn,Normal
1448,4,1346,384,560,None,Fa,Unf,Normal
1449,5,630,0,630,None,Gd,Unf,Abnorml
1450,5,1792,0,896,None,Gd,Unf,Normal
1451,8,1578,840,1573,Stone,Gd,Fin,Partial
1452,5,1072,525,547,BrkFace,Gd,Fin,Normal
1453,5,1140,0,1140,None,Gd,Unf,Abnorml
1454,7,1221,400,1221,None,Gd,RFn,Normal
1455,6,1647,460,953,None,Gd,RFn,Normal
1456,6,2073,500,1542,Stone,Gd,Unf,Normal
1457,7,2340,252,1152,None,TA,RFn,Normal
1458,5,1078,240,1078,None,TA,Unf,Normal
1459,5,1256,276,1256,None,TA,Fin,Normal
